scene,operator,clipping,contrast_loss,entropy,DR
507,reinhard,0.07325008511543274,0.366315096616745,7.727551460266113,2.9695687294006348
507,drago,0.0018707860726863146,0.21799352765083313,6.964257717132568,2.9695687294006348
507,filmic,3.4851331292884424e-05,0.23474326729774475,7.549335479736328,2.9695687294006348
507,gamma,0.5932680368423462,0.5074142813682556,4.1348419189453125,2.9695687294006348
Ahwahnee Great Lounge,reinhard,0.017797358334064484,0.11066588759422302,6.440423011779785,3.5175390243530273
Ahwahnee Great Lounge,drago,0.002521937247365713,0.05786079168319702,4.320700168609619,3.5175390243530273
Ahwahnee Great Lounge,filmic,0.0002391076268395409,0.06012076139450073,4.955974102020264,3.5175390243530273
Ahwahnee Great Lounge,gamma,0.055201757699251175,0.29264605045318604,7.241080284118652,3.5175390243530273
Air Bellows Gap,reinhard,0.15898457169532776,0.6258350610733032,6.855429649353027,3.248297691345215
Air Bellows Gap,drago,0.025593221187591553,0.37748557329177856,6.320013999938965,3.248297691345215
Air Bellows Gap,filmic,0.00037228662404231727,0.4238196611404419,6.672931671142578,3.248297691345215
Air Bellows Gap,gamma,0.4882964789867401,0.7980151176452637,4.80274772644043,3.248297691345215
Amikeus Beaver Dam (PM1),reinhard,0.033843040466308594,0.2850240170955658,7.310824394226074,3.3751442432403564
Amikeus Beaver Dam (PM1),drago,0.014215245842933655,0.17073562741279602,5.879767417907715,3.3751442432403564
Amikeus Beaver Dam (PM1),filmic,9.018759010359645e-05,0.1797446608543396,6.3350605964660645,3.3751442432403564
Amikeus Beaver Dam (PM1),gamma,0.13379120826721191,0.4329172372817993,7.216386318206787,3.3751442432403564
Amikeus Beaver Dam (PM2),reinhard,0.038155604153871536,0.2642866373062134,7.04067325592041,3.2216033935546875
Amikeus Beaver Dam (PM2),drago,0.024040140211582184,0.15685245394706726,5.666129112243652,3.2216033935546875
Amikeus Beaver Dam (PM2),filmic,0.0006604502559639513,0.16032201051712036,5.8330254554748535,3.2216033935546875
Amikeus Beaver Dam (PM2),gamma,0.1124303936958313,0.436635822057724,7.089095592498779,3.2216033935546875
Artist Palette,reinhard,0.33127671480178833,0.15774795413017273,4.986588001251221,1.0998436212539673
Artist Palette,drago,0.16634660959243774,0.10391499102115631,6.489392280578613,1.0998436212539673
Artist Palette,filmic,0.0,0.1158478707075119,6.235705852508545,1.0998436212539673
Artist Palette,gamma,0.995109498500824,0.18032626807689667,0.08656422048807144,1.0998436212539673
Balanced Rock,reinhard,0.26770225167274475,0.5541192293167114,5.442045211791992,2.9404473304748535
Balanced Rock,drago,0.005296108778566122,0.3625034689903259,6.249948501586914,2.9404473304748535
Balanced Rock,filmic,5.39077049666048e-08,0.4311564862728119,6.34413480758667,2.9404473304748535
Balanced Rock,gamma,0.8939692378044128,0.6362051367759705,1.5434221029281616,2.9404473304748535
Bandon Sunset (1),reinhard,0.15216787159442902,0.4211469888687134,6.445141315460205,2.3485395908355713
Bandon Sunset (1),drago,0.001140471431426704,0.24235212802886963,5.951676845550537,2.3485395908355713
Bandon Sunset (1),filmic,6.684555501124123e-06,0.269216388463974,6.528430938720703,2.3485395908355713
Bandon Sunset (1),gamma,0.5522294640541077,0.5415874123573303,4.381887912750244,2.3485395908355713
Bandon Sunset (2),reinhard,0.11076515913009644,0.3426673412322998,6.66168212890625,2.1810812950134277
Bandon Sunset (2),drago,0.0013456980232149363,0.1875101923942566,5.832577705383301,2.1810812950134277
Bandon Sunset (2),filmic,5.110450365464203e-05,0.19520187377929688,6.434866905212402,2.1810812950134277
Bandon Sunset (2),gamma,0.4736551344394684,0.48524001240730286,4.583545684814453,2.1810812950134277
Bar Harbor Presunrise,reinhard,0.08222881704568863,0.3176625669002533,7.147777557373047,2.401576519012451
Bar Harbor Presunrise,drago,0.0009148676763288677,0.17036953568458557,6.293441295623779,2.401576519012451
Bar Harbor Presunrise,filmic,2.398892775090644e-06,0.17033880949020386,6.805336952209473,2.401576519012451
Bar Harbor Presunrise,gamma,0.5380609631538391,0.49392637610435486,4.160405158996582,2.401576519012451
Bar Harbor Sunrise,reinhard,0.21629323065280914,0.5735452175140381,6.914145469665527,3.3340554237365723
Bar Harbor Sunrise,drago,0.007743733935058117,0.36373332142829895,6.558399200439453,3.3340554237365723
Bar Harbor Sunrise,filmic,0.00020759856852237135,0.4280491769313812,6.845119476318359,3.3340554237365723
Bar Harbor Sunrise,gamma,0.8128241300582886,0.6692020893096924,2.6679162979125977,3.3340554237365723
Ben&Jerry's,reinhard,0.22267119586467743,0.3264322280883789,5.846344470977783,2.0289528369903564
Ben&Jerry's,drago,0.0008364858804270625,0.2141684591770172,6.74632453918457,2.0289528369903564
Ben&Jerry's,filmic,1.2371818229439668e-05,0.25736936926841736,7.009150505065918,2.0289528369903564
Ben&Jerry's,gamma,0.9631851315498352,0.37040629982948303,0.7059543132781982,2.0289528369903564
Bigfoot Pass,reinhard,0.34481388330459595,0.19350413978099823,5.357267379760742,1.0085422992706299
Bigfoot Pass,drago,0.1617661863565445,0.1372271180152893,6.607183456420898,1.0085422992706299
Bigfoot Pass,filmic,0.0,0.16578924655914307,5.887965202331543,1.0085422992706299
Bigfoot Pass,gamma,0.9999553561210632,0.21822808682918549,0.0011766518000513315,1.0085422992706299
Blooming Gorse (1),reinhard,0.31023550033569336,0.2499416023492813,6.299087047576904,1.9548957347869873
Blooming Gorse (1),drago,0.03470287099480629,0.157671719789505,6.922772407531738,1.9548957347869873
Blooming Gorse (1),filmic,0.00024945789482444525,0.1801764816045761,6.754430770874023,1.9548957347869873
Blooming Gorse (1),gamma,0.9295336008071899,0.3024252653121948,1.30503249168396,1.9548957347869873
Blooming Gorse (2),reinhard,0.2469717413187027,0.35204553604125977,7.062352180480957,2.188305616378784
Blooming Gorse (2),drago,0.03410077467560768,0.21118247509002686,7.417899131774902,2.188305616378784
Blooming Gorse (2),filmic,0.008701889775693417,0.23852857947349548,7.553459167480469,2.188305616378784
Blooming Gorse (2),gamma,0.7508040070533752,0.43425002694129944,3.7471323013305664,2.188305616378784
Cades Cove,reinhard,0.08140729367733002,0.2772443890571594,6.849410057067871,2.1261425018310547
Cades Cove,drago,0.00023352817515842617,0.16622735559940338,7.197894096374512,2.1261425018310547
Cades Cove,filmic,2.5120991267613135e-05,0.18481075763702393,7.26503849029541,2.1261425018310547
Cades Cove,gamma,0.8155499696731567,0.3597440719604492,2.4996743202209473,2.1261425018310547
Canadian Falls,reinhard,0.28542888164520264,0.4812483787536621,5.79683256149292,2.1021299362182617
Canadian Falls,drago,0.03622368723154068,0.3516920506954193,7.284567832946777,2.1021299362182617
Canadian Falls,filmic,1.04311411632807e-05,0.43407753109931946,6.554389953613281,2.1021299362182617
Canadian Falls,gamma,0.9925081133842468,0.5177931189537048,0.15831393003463745,2.1021299362182617
Cemetery Tree (1),reinhard,0.2022324949502945,0.5404542684555054,7.309483528137207,2.6819746494293213
Cemetery Tree (1),drago,0.023844348266720772,0.34281525015830994,7.061557769775391,2.6819746494293213
Cemetery Tree (1),filmic,8.983718726085499e-05,0.3989143967628479,7.596865653991699,2.6819746494293213
Cemetery Tree (1),gamma,0.7679328322410583,0.625921368598938,3.192643404006958,2.6819746494293213
Cemetery Tree (2),reinhard,0.22981813549995422,0.5708528161048889,7.164168834686279,2.685145139694214
Cemetery Tree (2),drago,0.03449580818414688,0.366707444190979,7.05419921875,2.685145139694214
Cemetery Tree (2),filmic,6.768112507415935e-05,0.4264785349369049,7.4405717849731445,2.685145139694214
Cemetery Tree (2),gamma,0.7966122627258301,0.6614880561828613,2.9723408222198486,2.685145139694214
Delicate Arch,reinhard,0.38400501012802124,0.40137043595314026,5.758172988891602,1.6477992534637451
Delicate Arch,drago,0.10421626269817352,0.28931838274002075,6.956065654754639,1.6477992534637451
Delicate Arch,filmic,0.0,0.3508553206920624,6.430212020874023,1.6477992534637451
Delicate Arch,gamma,0.9981619715690613,0.45401209592819214,0.03420611470937729,1.6477992534637451
Delicate Flowers,reinhard,0.32217779755592346,0.30025580525398254,5.734734535217285,1.7475366592407227
Delicate Flowers,drago,0.18404284119606018,0.20253950357437134,7.170577049255371,1.7475366592407227
Delicate Flowers,filmic,4.5821548155799974e-07,0.23328045010566711,6.920848846435547,1.7475366592407227
Delicate Flowers,gamma,0.9732091426849365,0.34293776750564575,0.5313233733177185,1.7475366592407227
Devil's Bathtub,reinhard,0.2874907851219177,0.2961416244506836,5.44145393371582,2.4532573223114014
Devil's Bathtub,drago,0.0006163268117234111,0.19102191925048828,5.764513969421387,2.4532573223114014
Devil's Bathtub,filmic,0.0,0.22448641061782837,6.269351959228516,2.4532573223114014
Devil's Bathtub,gamma,0.9715620875358582,0.3486664891242981,0.42254209518432617,2.4532573223114014
Devil's Golf Course,reinhard,0.31386780738830566,0.22595781087875366,5.829409599304199,1.5773576498031616
Devil's Golf Course,drago,0.12160691618919373,0.14858022332191467,6.8890862464904785,1.5773576498031616
Devil's Golf Course,filmic,0.0,0.1719512939453125,6.527647972106934,1.5773576498031616
Devil's Golf Course,gamma,0.9875922799110413,0.26200681924819946,0.23563295602798462,1.5773576498031616
Devil's Tower,reinhard,0.14025919139385223,0.5532398819923401,7.177314758300781,2.9646358489990234
Devil's Tower,drago,0.019357286393642426,0.34866252541542053,7.063386917114258,2.9646358489990234
Devil's Tower,filmic,0.0007464869413524866,0.4038572609424591,7.400952339172363,2.9646358489990234
Devil's Tower,gamma,0.6858037710189819,0.6555405259132385,3.5561158657073975,2.9646358489990234
El Capitan,reinhard,0.1345129907131195,0.28618746995925903,7.031265735626221,1.8055020570755005
El Capitan,drago,0.012556236237287521,0.1710074543952942,7.356857776641846,1.8055020570755005
El Capitan,filmic,6.468924311775481e-07,0.19297698140144348,7.419610023498535,1.8055020570755005
El Capitan,gamma,0.8243440389633179,0.3592608869075775,2.414931535720825,1.8055020570755005
Exploratorium (1),reinhard,0.20331469178199768,0.2761198878288269,6.706446647644043,1.8698673248291016
Exploratorium (1),drago,0.02289748564362526,0.16929537057876587,7.10289192199707,1.8698673248291016
Exploratorium (1),filmic,1.2668310773733538e-06,0.19146302342414856,7.244669437408447,1.8698673248291016
Exploratorium (1),gamma,0.9139513373374939,0.3351741135120392,1.312025547027588,1.8698673248291016
Exploratorium (2),reinhard,0.16517983376979828,0.3481816351413727,7.417720317840576,2.5873260498046875
Exploratorium (2),drago,0.01404530182480812,0.20296823978424072,7.358375549316406,2.5873260498046875
Exploratorium (2),filmic,1.4393357560038567e-05,0.21682989597320557,7.520529270172119,2.5873260498046875
Exploratorium (2),gamma,0.7191218733787537,0.4693433344364166,3.360017776489258,2.5873260498046875
Flamingo,reinhard,0.07662983238697052,0.2471315860748291,6.951707363128662,3.683278799057007
Flamingo,drago,0.007087434642016888,0.12414008378982544,5.002508163452148,3.683278799057007
Flamingo,filmic,0.00014323276991490275,0.1337636113166809,5.861720085144043,3.683278799057007
Flamingo,gamma,0.164472296833992,0.4428355097770691,7.30848503112793,3.683278799057007
Four Corners Storm,reinhard,0.33090442419052124,0.1991090029478073,5.085360527038574,1.3887228965759277
Four Corners Storm,drago,1.1104987606813665e-05,0.13749220967292786,6.332217216491699,1.3887228965759277
Four Corners Storm,filmic,0.0,0.16949500143527985,6.2066650390625,1.3887228965759277
Four Corners Storm,gamma,0.9978604912757874,0.22126604616641998,0.0510714091360569,1.3887228965759277
Frontier,reinhard,0.03035680390894413,0.2550552487373352,6.814903259277344,3.375744342803955
Frontier,drago,0.006988433189690113,0.14679580926895142,4.678319454193115,3.375744342803955
Frontier,filmic,0.00045145006151869893,0.15587583184242249,5.579585075378418,3.375744342803955
Frontier,gamma,0.09049268066883087,0.38748791813850403,7.151632308959961,3.375744342803955
General Grant,reinhard,0.0790482610464096,0.3677637279033661,7.26451301574707,2.845404863357544
General Grant,drago,0.042142968624830246,0.21161183714866638,6.319852828979492,2.845404863357544
General Grant,filmic,5.0619335524970666e-05,0.22197359800338745,6.571836471557617,2.845404863357544
General Grant,gamma,0.2704129219055176,0.5222545862197876,6.251070022583008,2.845404863357544
General Sherman,reinhard,0.16619661450386047,0.36259111762046814,7.167278289794922,2.2689945697784424
General Sherman,drago,0.012365941889584064,0.22010356187820435,7.107571601867676,2.2689945697784424
General Sherman,filmic,7.78966295911232e-06,0.2509044110774994,7.583664894104004,2.2689945697784424
General Sherman,gamma,0.8182043433189392,0.4418857991695404,2.5773839950561523,2.2689945697784424
Golden Gate (1),reinhard,0.19539472460746765,0.45893317461013794,6.468981742858887,1.9426336288452148
Golden Gate (1),drago,0.08531700074672699,0.30135974287986755,7.3753461837768555,1.9426336288452148
Golden Gate (1),filmic,0.0,0.36142614483833313,6.809467315673828,1.9426336288452148
Golden Gate (1),gamma,0.9625171422958374,0.5275722146034241,0.5612577199935913,1.9426336288452148
Golden Gate (2),reinhard,4.57137321063783e-05,0.0070767998695373535,3.427962303161621,2.4241087436676025
Golden Gate (2),drago,9.056494309334084e-05,0.0030085742473602295,3.766741991043091,2.4241087436676025
Golden Gate (2),filmic,3.819360790657811e-05,0.0007371902465820312,1.8369792699813843,2.4241087436676025
Golden Gate (2),gamma,7.894783630035818e-05,0.27357685565948486,5.737406253814697,2.4241087436676025
HDR Mark,reinhard,0.05495666712522507,0.2328769564628601,5.971353530883789,3.525357961654663
HDR Mark,drago,0.023220069706439972,0.12037414312362671,4.607542514801025,3.525357961654663
HDR Mark,filmic,0.006132459733635187,0.12171709537506104,4.648919105529785,3.525357961654663
HDR Mark,gamma,0.11250915378332138,0.4943755269050598,6.841313362121582,3.525357961654663
Half Dome Sunset,reinhard,0.05239109322428703,0.3046601414680481,7.223649024963379,2.4927830696105957
Half Dome Sunset,drago,0.027058351784944534,0.17549622058868408,6.071666717529297,2.4927830696105957
Half Dome Sunset,filmic,0.0,0.18208158016204834,6.2882866859436035,2.4927830696105957
Half Dome Sunset,gamma,0.21970395743846893,0.44335469603538513,6.402443885803223,2.4927830696105957
Hall of Fame,reinhard,0.24326719343662262,0.5397359728813171,5.961772918701172,2.2988274097442627
Hall of Fame,drago,0.011088276281952858,0.3602198660373688,7.154339790344238,2.2988274097442627
Hall of Fame,filmic,1.5902772929621278e-06,0.43677812814712524,6.884784698486328,2.2988274097442627
Hall of Fame,gamma,0.9507704377174377,0.6028798222541809,0.8026543259620667,2.2988274097442627
Hancock Kitchen Inside,reinhard,0.019725071266293526,0.15048572421073914,6.466030597686768,3.4688775539398193
Hancock Kitchen Inside,drago,0.011540777049958706,0.08278465270996094,4.733861923217773,3.4688775539398193
Hancock Kitchen Inside,filmic,0.00825485959649086,0.0833529531955719,5.066741943359375,3.4688775539398193
Hancock Kitchen Inside,gamma,0.05351843684911728,0.3466339707374573,7.241290092468262,3.4688775539398193
Hancock Kitchen Outside,reinhard,0.20065531134605408,0.3321347236633301,6.652337074279785,2.4161031246185303
Hancock Kitchen Outside,drago,1.1104987606813665e-05,0.19391173124313354,6.793173313140869,2.4161031246185303
Hancock Kitchen Outside,filmic,4.339570295996964e-06,0.2113441824913025,7.351792812347412,2.4161031246185303
Hancock Kitchen Outside,gamma,0.8191754221916199,0.4451397657394409,2.3472096920013428,2.4161031246185303
Hancock Seed Field,reinhard,0.2922450304031372,0.3019294738769531,4.613033294677734,1.5614399909973145
Hancock Seed Field,drago,0.0061319745145738125,0.21113716065883636,6.751065254211426,1.5614399909973145
Hancock Seed Field,filmic,4.04307797907677e-07,0.26271194219589233,6.040708541870117,1.5614399909973145
Hancock Seed Field,gamma,0.9967705011367798,0.320243239402771,0.0762769877910614,1.5614399909973145
Hoover Dam,reinhard,0.23346813023090363,0.41081467270851135,6.658168792724609,1.7642148733139038
Hoover Dam,drago,0.07113272696733475,0.25527483224868774,7.225897789001465,1.7642148733139038
Hoover Dam,filmic,0.0,0.29355549812316895,7.211487770080566,1.7642148733139038
Hoover Dam,gamma,0.9020065665245056,0.4872526228427887,1.3048577308654785,1.7642148733139038
Hoover Garage,reinhard,0.01886500045657158,0.2012273669242859,6.687239646911621,3.510390520095825
Hoover Garage,drago,0.007992167957127094,0.11751556396484375,4.9092817306518555,3.510390520095825
Hoover Garage,filmic,0.0001081119044101797,0.11371469497680664,5.3689985275268555,3.510390520095825
Hoover Garage,gamma,0.07656645774841309,0.4100138545036316,7.245919227600098,3.510390520095825
Jesse Brown's Cabin,reinhard,0.13131369650363922,0.512108564376831,7.443244934082031,3.1277151107788086
Jesse Brown's Cabin,drago,0.0017300329636782408,0.3285607397556305,6.953192710876465,3.1277151107788086
Jesse Brown's Cabin,filmic,2.6630406864569522e-05,0.3817025423049927,7.555384635925293,3.1277151107788086
Jesse Brown's Cabin,gamma,0.666118323802948,0.6135309934616089,3.827141284942627,3.1277151107788086
Kings Canyon,reinhard,0.0701715275645256,0.31338804960250854,7.303746700286865,2.1775856018066406
Kings Canyon,drago,0.010680491104722023,0.18915733695030212,7.195034980773926,2.1775856018066406
Kings Canyon,filmic,9.164309631159995e-07,0.2097765952348709,7.391781806945801,2.1775856018066406
Kings Canyon,gamma,0.6801112294197083,0.40407684445381165,3.8299453258514404,2.1775856018066406
Lab Booth,reinhard,0.2172784060239792,0.41305798292160034,7.373984336853027,3.224783420562744
Lab Booth,drago,0.03963930532336235,0.23797261714935303,6.8885040283203125,3.224783420562744
Lab Booth,filmic,0.0014454541960731149,0.2574358284473419,7.597598075866699,3.224783420562744
Lab Booth,gamma,0.5451100468635559,0.5234616994857788,5.728445053100586,3.224783420562744
Lab Typwriter,reinhard,0.025184735655784607,0.194222092628479,4.404468536376953,3.7307310104370117
Lab Typwriter,drago,0.0168235432356596,0.10689669847488403,3.016267776489258,3.7307310104370117
Lab Typwriter,filmic,0.0016158295329660177,0.10017168521881104,3.0693602561950684,3.7307310104370117
Lab Typwriter,gamma,0.0684894397854805,0.48705893754959106,6.069573402404785,3.7307310104370117
Lab Window,reinhard,0.13285265862941742,0.6763643622398376,7.476926803588867,3.814112901687622
Lab Window,drago,0.04111777991056442,0.4686667025089264,7.206104278564453,3.814112901687622
Lab Window,filmic,3.962216396757867e-06,0.5313506126403809,7.565549373626709,3.814112901687622
Lab Window,gamma,0.7624323964118958,0.7945571541786194,2.7787623405456543,3.814112901687622
Lady Bird Redwoods,reinhard,0.03694645315408707,0.25365355610847473,7.467679977416992,3.4640557765960693
Lady Bird Redwoods,drago,0.009218163788318634,0.145717054605484,5.9691996574401855,3.4640557765960693
Lady Bird Redwoods,filmic,0.00011307140812277794,0.1498337984085083,6.507717132568359,3.4640557765960693
Lady Bird Redwoods,gamma,0.1807752549648285,0.39806869626045227,7.081520080566406,3.4640557765960693
Las Vegas Store,reinhard,0.024291997775435448,0.16640257835388184,7.000662803649902,3.6363790035247803
Las Vegas Store,drago,0.003681033616885543,0.09158149361610413,4.813126564025879,3.6363790035247803
Las Vegas Store,filmic,0.00037929462268948555,0.0919257402420044,5.758084297180176,3.6363790035247803
Las Vegas Store,gamma,0.09618663042783737,0.33370327949523926,7.454864978790283,3.6363790035247803
Letchworth Tea Table (1),reinhard,0.18323753774166107,0.8189145922660828,6.446510314941406,3.2402820587158203
Letchworth Tea Table (1),drago,0.036111801862716675,0.5959466695785522,6.633004188537598,3.2402820587158203
Letchworth Tea Table (1),filmic,0.0009414171800017357,0.7269157767295837,6.437963485717773,3.2402820587158203
Letchworth Tea Table (1),gamma,0.9898427128791809,0.8641650080680847,0.22749027609825134,3.2402820587158203
Letchworth Tea Table (2),reinhard,0.15798836946487427,0.5928431749343872,6.713761329650879,2.9230732917785645
Letchworth Tea Table (2),drago,0.01004171185195446,0.35652077198028564,6.154778957366943,2.9230732917785645
Letchworth Tea Table (2),filmic,4.096985776413931e-06,0.4028620421886444,6.405145168304443,2.9230732917785645
Letchworth Tea Table (2),gamma,0.4082717299461365,0.7696154713630676,5.20286750793457,2.9230732917785645
Little River,reinhard,0.043008968234062195,0.2955986261367798,7.608980178833008,2.8784263134002686
Little River,drago,0.011470157653093338,0.17374137043952942,6.796480655670166,2.8784263134002686
Little River,filmic,1.078154099332096e-07,0.18608742952346802,7.1932902336120605,2.8784263134002686
Little River,gamma,0.3832976222038269,0.40351036190986633,5.843977451324463,2.8784263134002686
Luxo Double Checker,reinhard,0.028138231486082077,0.21395498514175415,5.26177978515625,4.580048561096191
Luxo Double Checker,drago,0.007497025188058615,0.11480742692947388,3.026122808456421,4.580048561096191
Luxo Double Checker,filmic,0.00013166957069188356,0.11881041526794434,3.9180407524108887,4.580048561096191
Luxo Double Checker,gamma,0.06753689050674438,0.4764539897441864,6.548129558563232,4.580048561096191
M3 Middle Pond,reinhard,0.2626701295375824,0.37895679473876953,6.826366901397705,2.1830344200134277
M3 Middle Pond,drago,0.004415661096572876,0.23886187374591827,7.013401031494141,2.1830344200134277
M3 Middle Pond,filmic,1.412381880072644e-05,0.27783203125,7.330024719238281,2.1830344200134277
M3 Middle Pond,gamma,0.907900869846344,0.4513688385486603,1.5050537586212158,2.1830344200134277
Mackinac Bridge,reinhard,0.20491555333137512,0.16765689849853516,5.617997169494629,1.6387516260147095
Mackinac Bridge,drago,0.025371499359607697,0.1015060693025589,6.734409332275391,1.6387516260147095
Mackinac Bridge,filmic,0.0,0.11713758111000061,6.55548620223999,1.6387516260147095
Mackinac Bridge,gamma,0.9878934025764465,0.20209766924381256,0.19641658663749695,1.6387516260147095
Mammoth Hot Springs,reinhard,0.23468299210071564,0.5000770092010498,6.349267482757568,2.3494129180908203
Mammoth Hot Springs,drago,0.001398500637151301,0.32909077405929565,6.900033473968506,2.3494129180908203
Mammoth Hot Springs,filmic,8.086155389719352e-08,0.3983672261238098,7.200718402862549,2.3494129180908203
Mammoth Hot Springs,gamma,0.9727545976638794,0.558052659034729,0.42185330390930176,2.3494129180908203
Mason Lake (1),reinhard,0.29717156291007996,0.3554895520210266,6.227227210998535,2.2619364261627197
Mason Lake (1),drago,0.12440170347690582,0.2660977840423584,7.145565986633301,2.2619364261627197
Mason Lake (1),filmic,0.00026810995768755674,0.3168872594833374,6.450714588165283,2.2619364261627197
Mason Lake (1),gamma,0.971820056438446,0.406657874584198,0.5908206105232239,2.2619364261627197
Mason Lake (2),reinhard,0.22820541262626648,0.5152872800827026,6.085629940032959,1.965225100517273
Mason Lake (2),drago,0.07429397851228714,0.35862302780151367,6.9578399658203125,1.965225100517273
Mason Lake (2),filmic,1.6711388752810308e-06,0.44178855419158936,6.798428058624268,1.965225100517273
Mason Lake (2),gamma,0.9998102188110352,0.5630962252616882,0.0043173921294510365,1.965225100517273
McKee's Pub,reinhard,0.00018433739023748785,0.016630351543426514,3.5381877422332764,2.6104917526245117
McKee's Pub,drago,0.00018611634732224047,0.007239162921905518,3.217378616333008,2.6104917526245117
McKee's Pub,filmic,0.0001124784248531796,0.002621591091156006,1.9442912340164185,2.6104917526245117
McKee's Pub,gamma,0.00033126285416074097,0.3096133768558502,5.8407487869262695,2.6104917526245117
Middle Pond,reinhard,0.2450551837682724,0.39524543285369873,6.507594585418701,1.8348422050476074
Middle Pond,drago,0.07618751376867294,0.25668343901634216,7.277781963348389,1.8348422050476074
Middle Pond,filmic,1.078154099332096e-07,0.3030243515968323,7.207645893096924,1.8348422050476074
Middle Pond,gamma,0.9504152536392212,0.4670368731021881,0.7682130336761475,1.8348422050476074
Mirror Lake,reinhard,0.1539173573255539,0.27934929728507996,6.975306510925293,1.9287917613983154
Mirror Lake,drago,0.006206232123076916,0.16643285751342773,7.1665496826171875,1.9287917613983154
Mirror Lake,filmic,0.0,0.18782170116901398,7.365935325622559,1.9287917613983154
Mirror Lake,gamma,0.8669806718826294,0.348361074924469,1.8762317895889282,1.9287917613983154
Mt. Rushmore (1),reinhard,0.0765950083732605,0.39078667759895325,6.975992202758789,3.0879499912261963
Mt. Rushmore (1),drago,0.023276161402463913,0.226096510887146,6.152661323547363,3.0879499912261963
Mt. Rushmore (1),filmic,0.0037638358771800995,0.2371048927307129,6.605406284332275,3.0879499912261963
Mt. Rushmore (1),gamma,0.2900761067867279,0.562554121017456,6.138841152191162,3.0879499912261963
Mt. Rushmore (2),reinhard,0.12464959919452667,0.48711061477661133,6.645685195922852,3.274635076522827
Mt. Rushmore (2),drago,0.024517089128494263,0.2848646640777588,6.669767379760742,3.274635076522827
Mt. Rushmore (2),filmic,1.5228926713461988e-05,0.30579882860183716,7.072737693786621,3.274635076522827
Mt. Rushmore (2),gamma,0.4784734547138214,0.662402868270874,4.850940704345703,3.274635076522827
Mt. Rushmore Flags,reinhard,0.0007682926370762289,0.0664796233177185,5.504849433898926,2.8929696083068848
Mt. Rushmore Flags,drago,0.00026813693693839014,0.03049987554550171,4.272708892822266,2.8929696083068848
Mt. Rushmore Flags,filmic,0.0001081119044101797,0.020410239696502686,3.962779998779297,2.8929696083068848
Mt. Rushmore Flags,gamma,0.023438315838575363,0.3481730818748474,7.041332244873047,2.8929696083068848
Niagara Falls,reinhard,0.23343782126903534,0.35431721806526184,5.01547908782959,1.6693252325057983
Niagara Falls,drago,0.05373476818203926,0.239324152469635,7.178140640258789,1.6693252325057983
Niagara Falls,filmic,0.0,0.29374974966049194,6.531067371368408,1.6693252325057983
Niagara Falls,gamma,0.9945007562637329,0.38360893726348877,0.13317044079303741,1.6693252325057983
North Bubble,reinhard,0.23279063403606415,0.4119579792022705,6.809412002563477,2.1328818798065186
North Bubble,drago,0.027792278677225113,0.2481510043144226,7.397115707397461,2.1328818798065186
North Bubble,filmic,2.4015882445382886e-05,0.2800450325012207,7.11454439163208,2.1328818798065186
North Bubble,gamma,0.7510515451431274,0.517638087272644,3.0848100185394287,2.1328818798065186
O Canada! (Lights),reinhard,0.14892438054084778,0.35858848690986633,6.321257591247559,3.0821428298950195
O Canada! (Lights),drago,0.03524453565478325,0.19161760807037354,6.423465728759766,3.0821428298950195
O Canada! (Lights),filmic,0.001334997359663248,0.18932324647903442,6.450554847717285,3.0821428298950195
O Canada! (Lights),gamma,0.4466533362865448,0.5908815860748291,5.00324821472168,3.0821428298950195
O Canada! (No Lights),reinhard,0.16026976704597473,0.5568763017654419,6.354036331176758,3.082826614379883
O Canada! (No Lights),drago,0.022427411749958992,0.3341400623321533,6.868771076202393,3.082826614379883
O Canada! (No Lights),filmic,3.773539276608062e-07,0.37506791949272156,6.912267684936523,3.082826614379883
O Canada! (No Lights),gamma,0.5592780709266663,0.7126928567886353,4.642760276794434,3.082826614379883
Old Faithful Inn,reinhard,0.19799143075942993,0.46873873472213745,7.338301658630371,2.876605749130249
Old Faithful Inn,drago,0.009752631187438965,0.28152772784233093,7.111562252044678,2.876605749130249
Old Faithful Inn,filmic,0.0002570858341641724,0.3133872449398041,7.5061798095703125,2.876605749130249
Old Faithful Inn,gamma,0.5952679514884949,0.5975440740585327,4.107831954956055,2.876605749130249
Otter Point,reinhard,0.3631100654602051,0.5366126894950867,5.500894069671631,2.874438762664795
Otter Point,drago,0.017804017290472984,0.3882983922958374,7.2855730056762695,2.874438762664795
Otter Point,filmic,0.00013929751003161073,0.4728413224220276,6.262884616851807,2.874438762664795
Otter Point,gamma,0.9816123247146606,0.5795301795005798,0.36840638518333435,2.874438762664795
Paul Bunyan,reinhard,0.3130621016025543,0.31995269656181335,6.279131889343262,2.027418851852417
Paul Bunyan,drago,0.013561776839196682,0.20436953008174896,7.082275390625,2.027418851852417
Paul Bunyan,filmic,2.69538524833024e-08,0.23858977854251862,7.043213367462158,2.027418851852417
Paul Bunyan,gamma,0.949508547782898,0.38449740409851074,0.8629407286643982,2.027418851852417
Peck Lake,reinhard,0.19702276587486267,0.4450148344039917,6.762186050415039,2.5269410610198975
Peck Lake,drago,0.012673081830143929,0.28218144178390503,7.475635051727295,2.5269410610198975
Peck Lake,filmic,5.66030905702064e-07,0.3290603756904602,7.489020824432373,2.5269410610198975
Peck Lake,gamma,0.8711674809455872,0.5289305448532104,1.8380650281906128,2.5269410610198975
Peppermill,reinhard,0.03064197488129139,0.1943458914756775,7.104394912719727,3.458711862564087
Peppermill,drago,0.008381354622542858,0.10966137051582336,5.057143211364746,3.458711862564087
Peppermill,filmic,0.0010345428017899394,0.11096146702766418,5.946460723876953,3.458711862564087
Peppermill,gamma,0.10199995338916779,0.35001635551452637,7.499789714813232,3.458711862564087
Petroglyphs,reinhard,0.2792552411556244,0.3261798620223999,6.791956901550293,1.9935932159423828
Petroglyphs,drago,0.020599454641342163,0.19836373627185822,7.226562023162842,1.9935932159423828
Petroglyphs,filmic,6.8732324507436715e-06,0.226215660572052,7.37986421585083,1.9935932159423828
Petroglyphs,gamma,0.8486896753311157,0.39129358530044556,2.161034107208252,1.9935932159423828
RIT Tiger,reinhard,0.16760072112083435,0.39905375242233276,6.994678497314453,2.110434055328369
RIT Tiger,drago,0.03491874411702156,0.22763276100158691,6.8783111572265625,2.110434055328369
RIT Tiger,filmic,2.156308198664192e-07,0.24979782104492188,6.917640686035156,2.110434055328369
RIT Tiger,gamma,0.649689793586731,0.5166525840759277,3.79392671585083,2.110434055328369
Redwood Sunset,reinhard,0.1744612604379654,0.5657979249954224,7.060145854949951,2.8224267959594727
Redwood Sunset,drago,0.014937340281903744,0.3473910987377167,6.870547771453857,2.8224267959594727
Redwood Sunset,filmic,1.6037542081903666e-05,0.4003552198410034,7.28443717956543,2.8224267959594727
Redwood Sunset,gamma,0.7143921256065369,0.6815803050994873,3.1107170581817627,2.8224267959594727
Road's End Fire Damage,reinhard,0.05546151474118233,0.2429816722869873,7.7045392990112305,2.7888224124908447
Road's End Fire Damage,drago,0.0004325823683757335,0.13480854034423828,6.708682060241699,2.7888224124908447
Road's End Fire Damage,filmic,2.964923737636127e-07,0.13706177473068237,7.216957092285156,2.7888224124908447
Road's End Fire Damage,gamma,0.4130936563014984,0.36717987060546875,5.977284908294678,2.7888224124908447
Round Barn Inside,reinhard,0.0038887939881533384,0.03077906370162964,3.954441785812378,3.129415988922119
Round Barn Inside,drago,0.003785237204283476,0.015469968318939209,3.1482627391815186,3.129415988922119
Round Barn Inside,filmic,0.0026313159614801407,0.011979669332504272,2.284391164779663,3.129415988922119
Round Barn Inside,gamma,0.010434752330183983,0.21902725100517273,5.915419101715088,3.129415988922119
Round Stone Barn,reinhard,0.2133432775735855,0.49751219153404236,5.795243740081787,2.6799235343933105
Round Stone Barn,drago,0.02690989151597023,0.3267894387245178,7.422226905822754,2.6799235343933105
Round Stone Barn,filmic,3.207508370905998e-06,0.38451772928237915,6.969208240509033,2.6799235343933105
Round Stone Barn,gamma,0.8954802751541138,0.5785669684410095,1.5286428928375244,2.6799235343933105
Route 66 Museum,reinhard,0.07173657417297363,0.18342143297195435,7.007319450378418,1.9129763841629028
Route 66 Museum,drago,0.0006803422002121806,0.10291628539562225,6.466317176818848,1.9129763841629028
Route 66 Museum,filmic,6.382672290783376e-05,0.10277403891086578,7.001141548156738,1.9129763841629028
Route 66 Museum,gamma,0.7632046937942505,0.2594073414802551,3.1692378520965576,1.9129763841629028
Sequoia Remains,reinhard,0.22523820400238037,0.48980456590652466,7.321538925170898,2.746483564376831
Sequoia Remains,drago,0.02703072503209114,0.30687767267227173,7.432611465454102,2.746483564376831
Sequoia Remains,filmic,8.01607602625154e-05,0.3537248969078064,7.6733551025390625,2.746483564376831
Sequoia Remains,gamma,0.8124374151229858,0.5802786946296692,2.635357618331909,2.746483564376831
Smoky Tunnel,reinhard,0.04783384129405022,0.23908641934394836,7.689839839935303,2.714081048965454
Smoky Tunnel,drago,0.00034112794674001634,0.12746548652648926,6.534616470336914,2.714081048965454
Smoky Tunnel,filmic,7.924432429717854e-05,0.12523117661476135,7.055777549743652,2.714081048965454
Smoky Tunnel,gamma,0.3350871205329895,0.4164329767227173,6.476082801818848,2.714081048965454
South Branch Kings River,reinhard,0.03404964134097099,0.21802517771720886,7.457308769226074,2.317800760269165
South Branch Kings River,drago,3.398880653548986e-05,0.11983633041381836,6.031061172485352,2.317800760269165
South Branch Kings River,filmic,0.0,0.11964783072471619,6.653355121612549,2.317800760269165
South Branch Kings River,gamma,0.2789209485054016,0.32595157623291016,6.321226119995117,2.317800760269165
Sunset Point (1),reinhard,0.2693140208721161,0.32644301652908325,6.237377166748047,2.0839719772338867
Sunset Point (1),drago,0.03773932904005051,0.20061834156513214,6.860077857971191,2.0839719772338867
Sunset Point (1),filmic,2.4258466169158055e-07,0.22258733212947845,6.765953540802002,2.0839719772338867
Sunset Point (1),gamma,0.8857603073120117,0.40580517053604126,1.7378792762756348,2.0839719772338867
Sunset Point (2),reinhard,0.32464098930358887,0.43316948413848877,6.5204644203186035,2.2256481647491455
Sunset Point (2),drago,0.039712052792310715,0.2895764112472534,7.293892860412598,2.2256481647491455
Sunset Point (2),filmic,1.994585090869805e-06,0.34379446506500244,7.131400108337402,2.2256481647491455
Sunset Point (2),gamma,0.9652836322784424,0.4923047423362732,0.614616870880127,2.2256481647491455
Taughannock Falls,reinhard,0.042702097445726395,0.19336947798728943,6.795008659362793,2.0668888092041016
Taughannock Falls,drago,0.04237838461995125,0.10540890693664551,6.500422477722168,2.0668888092041016
Taughannock Falls,filmic,0.0,0.09676119685173035,5.852190971374512,2.0668888092041016
Taughannock Falls,gamma,0.16470696032047272,0.3263387382030487,6.728096008300781,2.0668888092041016
The Grotto,reinhard,0.18710488080978394,0.319896936416626,6.839961051940918,1.9845386743545532
The Grotto,drago,0.003113735932856798,0.19721300899982452,7.1262311935424805,1.9845386743545532
The Grotto,filmic,1.886769638304031e-07,0.22753015160560608,7.3660407066345215,1.9845386743545532
The Grotto,gamma,0.8549721837043762,0.38994407653808594,2.2518038749694824,1.9845386743545532
The Narrows (1),reinhard,0.1805369108915329,0.5121698975563049,7.362946510314941,3.0216732025146484
The Narrows (1),drago,0.04319775477051735,0.33813703060150146,6.8509345054626465,3.0216732025146484
The Narrows (1),filmic,0.0008236827561631799,0.3789750337600708,7.378487586975098,3.0216732025146484
The Narrows (1),gamma,0.683932363986969,0.5950251221656799,3.9159274101257324,3.0216732025146484
The Narrows (2),reinhard,0.249051034450531,0.32584264874458313,6.966207504272461,2.514126777648926
The Narrows (2),drago,0.02191164903342724,0.19206225872039795,6.974675178527832,2.514126777648926
The Narrows (2),filmic,5.905589205212891e-05,0.21034716069698334,7.470433235168457,2.514126777648926
The Narrows (2),gamma,0.7417408227920532,0.3885977864265442,3.6226229667663574,2.514126777648926
The Narrows (3),reinhard,0.31740623712539673,0.44683077931404114,6.695552349090576,2.8740899562835693
The Narrows (3),drago,0.02873046137392521,0.30296045541763306,7.0718183517456055,2.8740899562835693
The Narrows (3),filmic,2.4258466169158055e-07,0.35594791173934937,7.452696323394775,2.8740899562835693
The Narrows (3),gamma,0.9269827604293823,0.49957796931266785,1.148982048034668,2.8740899562835693
Tunnel View (1),reinhard,0.07664349675178528,0.3685077726840973,7.183344841003418,2.050790786743164
Tunnel View (1),drago,0.00919878389686346,0.2291238009929657,7.103309631347656,2.050790786743164
Tunnel View (1),filmic,2.69538524833024e-08,0.2625473737716675,7.263399124145508,2.050790786743164
Tunnel View (1),gamma,0.7387604713439941,0.45514556765556335,3.194122791290283,2.050790786743164
Tunnel View (2),reinhard,0.1460462212562561,0.39695116877555847,6.400136470794678,1.7710950374603271
Tunnel View (2),drago,0.014274545013904572,0.2578551173210144,7.054295539855957,1.7710950374603271
Tunnel View (2),filmic,0.0,0.310621440410614,6.931171417236328,1.7710950374603271
Tunnel View (2),gamma,0.9654940962791443,0.4586319327354431,0.5588496327400208,1.7710950374603271
Tupper Lake (1),reinhard,0.2997955083847046,0.19161108136177063,4.426525115966797,0.9205812811851501
Tupper Lake (1),drago,0.0016146705020219088,0.141414076089859,6.409626483917236,0.9205812811851501
Tupper Lake (1),filmic,0.0,0.17965282499790192,5.12437629699707,0.9205812811851501
Tupper Lake (1),gamma,1.0,0.20314083993434906,1.0165100761128087e-08,0.9205812811851501
Tupper Lake (2),reinhard,0.3180874288082123,0.21393191814422607,4.488330364227295,1.2182836532592773
Tupper Lake (2),drago,0.05797272175550461,0.15276198089122772,6.434553623199463,1.2182836532592773
Tupper Lake (2),filmic,0.0,0.19241201877593994,5.485576629638672,1.2182836532592773
Tupper Lake (2),gamma,0.9999995827674866,0.2308986634016037,1.1320015801175032e-05,1.2182836532592773
UR Chapel (1),reinhard,0.009620126336812973,0.09306448698043823,5.454648971557617,3.421416759490967
UR Chapel (1),drago,0.0042741261422634125,0.05029940605163574,3.385091543197632,3.421416759490967
UR Chapel (1),filmic,0.002083748346194625,0.051186203956604004,3.846099853515625,3.421416759490967
UR Chapel (1),gamma,0.018714571371674538,0.24260088801383972,6.552215576171875,3.421416759490967
UR Chapel (2),reinhard,0.0071027446538209915,0.04736518859863281,5.0541090965271,2.931187868118286
UR Chapel (2),drago,0.004415121860802174,0.02334451675415039,3.9056625366210938,2.931187868118286
UR Chapel (2),filmic,0.001995636383071542,0.020185530185699463,3.4288198947906494,2.931187868118286
UR Chapel (2),gamma,0.0131437499076128,0.22799324989318848,6.504008769989014,2.931187868118286
Upheaval Dome,reinhard,0.3518989384174347,0.3082059323787689,5.75880241394043,1.4019304513931274
Upheaval Dome,drago,0.13825377821922302,0.21963387727737427,7.132240295410156,1.4019304513931274
Upheaval Dome,filmic,0.0,0.26034775376319885,6.62710428237915,1.4019304513931274
Upheaval Dome,gamma,0.9977943301200867,0.3527429401874542,0.04010027274489403,1.4019304513931274
Waffle House,reinhard,0.015141785144805908,0.1291099190711975,5.368464946746826,3.790489435195923
Waffle House,drago,0.0020715382415801287,0.06594717502593994,3.470130443572998,3.790489435195923
Waffle House,filmic,0.0011793657904490829,0.059985220432281494,3.9268546104431152,3.790489435195923
Waffle House,gamma,0.05469823628664017,0.38234204053878784,6.740266799926758,3.790489435195923
Wall Drug,reinhard,0.10804662108421326,0.3331223428249359,7.517511367797852,2.896380662918091
Wall Drug,drago,4.781613461091183e-05,0.18715745210647583,6.43087911605835,2.896380662918091
Wall Drug,filmic,1.1482341506052762e-05,0.19189947843551636,7.057444095611572,2.896380662918091
Wall Drug,gamma,0.4787212312221527,0.537609338760376,5.2282395362854,2.896380662918091
West Branch Ausable (1),reinhard,0.11557622998952866,0.5260202288627625,7.458731651306152,2.6238138675689697
West Branch Ausable (1),drago,0.0797935351729393,0.3174528479576111,6.7617597579956055,2.6238138675689697
West Branch Ausable (1),filmic,5.1481856644386426e-06,0.35326051712036133,7.0797319412231445,2.6238138675689697
West Branch Ausable (1),gamma,0.45461252331733704,0.6472275853157043,5.18906307220459,2.6238138675689697
West Branch Ausable (2),reinhard,0.10428019613027573,0.49907398223876953,7.121207237243652,2.656618356704712
West Branch Ausable (2),drago,0.08278951048851013,0.29932713508605957,6.406402587890625,2.656618356704712
West Branch Ausable (2),filmic,3.288369953224901e-06,0.3273361027240753,6.720823287963867,2.656618356704712
West Branch Ausable (2),gamma,0.3854999244213104,0.6299822330474854,5.6459574699401855,2.656618356704712
Willy Desk,reinhard,0.23428550362586975,0.560124933719635,6.980933666229248,3.3564932346343994
Willy Desk,drago,0.01915796287357807,0.3585929870605469,6.86097526550293,3.3564932346343994
Willy Desk,filmic,2.0215389668010175e-05,0.40729838609695435,7.498243808746338,3.3564932346343994
Willy Desk,gamma,0.7614037394523621,0.664600133895874,3.0167951583862305,3.3564932346343994
Willy Sentinel,reinhard,0.3634074032306671,0.7170190215110779,6.021983623504639,2.9694929122924805
Willy Sentinel,drago,0.06818437576293945,0.5452901721000671,7.326444149017334,2.9694929122924805
Willy Sentinel,filmic,0.003432600060477853,0.6588616371154785,6.071394443511963,2.9694929122924805
Willy Sentinel,gamma,0.9966885447502136,0.7487549781799316,0.11044029146432877,2.9694929122924805
Yosemite Falls,reinhard,0.07104221731424332,0.24278607964515686,7.635867118835449,2.9629480838775635
Yosemite Falls,drago,0.0018331854371353984,0.12837979197502136,6.637845993041992,2.9629480838775635
Yosemite Falls,filmic,5.66030905702064e-07,0.12688729166984558,7.098650932312012,2.9629480838775635
Yosemite Falls,gamma,0.38579463958740234,0.3817939758300781,6.020249366760254,2.9629480838775635
Zentrum,reinhard,0.001941809430718422,0.06172686815261841,3.402121067047119,3.389103412628174
Zentrum,drago,0.00013735683751292527,0.029298365116119385,1.9099119901657104,3.389103412628174
Zentrum,filmic,2.3908067305455916e-05,0.0213051438331604,2.0208287239074707,3.389103412628174
Zentrum,gamma,0.0195327028632164,0.36837533116340637,5.615778923034668,3.389103412628174
